{
  "baseline_performance": 0.6183349074824449,
  "experiment_performance": {
    "0": 0.6183349074824449,
    "1": 0.57679587170219,
    "2": 0.6183471522506765,
    "3": 0.6137366519067032,
    "4": 0.6297391043646071,
    "5": 0.6499191167063596,
    "6": 0.675585729002317,
    "7": 0.6656705720984436,
    "8": 0.6104943054451546,
    "9": 0.5662341586932863,
    "10": 0.6100274974663824,
    "11": 0.6033938025335136,
    "12": 0.6199208727025101,
    "13": 0.6426401274275656,
    "14": 0.6656705720984436,
    "15": 0.6656705720984436
  },
  "normalization_isolated": -0.04153903578025486,
  "bias_correction_isolated": 1.2244768231584047e-05,
  "skull_stripping_isolated": 0.01140419688216221,
  "registration_isolated": 0.031584209223914694,
  "postprocessing_effect": -0.009915156903873346,
  "interactions": {
    "norm_bias_interaction": 0.036928535436281607,
    "norm_skull_interaction": 0.0873856604179647,
    "bias_skull_interaction": 0.04583437986947825,
    "norm_reg_interaction": 0.06720564807621221
  }
}