{
  "baseline_performance": 0.625732031267223,
  "experiment_performance": {
    "0": 0.625732031267223,
    "1": 0.5833380036067783,
    "2": 0.6258692722922397,
    "3": 0.6546083100266152,
    "4": 0.5509223655499823,
    "5": 0.618933904128497,
    "6": 0.6567036289775152,
    "7": 0.6195036634738227,
    "8": 0.6109771476828292,
    "9": 0.6126460846540916,
    "10": 0.5661402011024316,
    "11": 0.6184087852574587,
    "12": 0.6456581952162059,
    "13": 0.5346928101928344,
    "14": 0.6126088118959345,
    "15": 0.6459902742538068,
    "16": 0.6079975368064289,
    "17": 0.6048911651132575
  },
  "normalization_isolated": -0.042394027660444644,
  "skull_stripping_isolated": 0.00013724102501666557,
  "registration_isolated": 0.02887627875939225,
  "normalization_marginal": -0.037199965503692534,
  "skull_stripping_marginal": 0.00056975934532566,
  "registration_marginal": 0.06858129792384038,
  "postprocessing_effect": -0.008526515790993505,
  "interactions": {
    "norm_skull_interaction": -0.0325528790818127,
    "norm_reg_interaction": 0.006719621762326433,
    "skull_reg_interaction": 0.001958077925883317
  }
}