experiment_id,name,n_measurements,n_subjects,n_tissues,mean_dice,std_dice,min_dice,max_dice,mean_hausdorff,std_hausdorff
0,exp_00_baseline_none,100,20,5,0.6233669979009286,0.1505387502096889,0.325236498459693,0.8229098258421532,12.254489835879559,3.353726116176537
1,exp_01_normalization_only,100,20,5,0.5799275027758091,0.1733841433688186,0.2515281985860841,0.8398251166851779,12.34767265450013,2.419706597360462
2,exp_02_skullstrip_only,100,20,5,0.6300174537349189,0.15523029601912125,0.3172135130296908,0.8544940130349113,8.049761180009446,4.602319517896703
3,exp_03_registration_only,100,20,5,0.6499419127226429,0.12466049291316371,0.4111583687765824,0.8166554411623208,11.849925548372504,3.1716343575558334
4,exp_04_norm_skull,100,20,5,0.5510239492598449,0.16211565806832795,0.2337302686236499,0.7788854742037206,10.419004480620215,3.7768168651413143
5,exp_05_norm_reg,100,20,5,0.6253987806528911,0.1467274205450113,0.4019237883832778,0.8311696938316687,11.53001084730716,2.436975556089793
6,exp_06_reg_skull,100,20,5,0.6537811220183406,0.1256435966139455,0.4118996558775123,0.84499414409309,7.92526429247949,4.241483925980338
7,exp_07_all_preprocessing,100,20,5,0.6200505731354801,0.13095683388963422,0.4059332509270704,0.796518054532056,7.631472333312688,3.9064856362058986
8,exp_08_all_preprocessing_postprocessing,100,20,5,0.3843707157609925,0.3296815036325405,0.0,0.8058654318389111,inf,
